index,key,shape,annotator,basis
0,ex08_writer0067:messageStartEvent_10,circle,C,blind crop from reports/figures/p2_crop_sheet.png
1,ex02_writer0002:Participant_1u2204d,rectangle,C,blind crop from reports/figures/p2_crop_sheet.png
2,ex00_writer0026:Activity_19eheb5,rounded-rect,C,blind crop from reports/figures/p2_crop_sheet.png
3,ex10_writer0047:exclusiveGateway_9,diamond,C,blind crop from reports/figures/p2_crop_sheet.png
4,ex03_writer0059:dataObjectReference_20,rectangle,C,blind crop from reports/figures/p2_crop_sheet.png
5,ex02_writer0097:DataObjectReference_00052pq,rectangle,C,blind crop from reports/figures/p2_crop_sheet.png
6,ex02_writer0073:Activity_08eidga,rectangle,C,blind crop from reports/figures/p2_crop_sheet.png
7,ex02_writer0021:DataObjectReference_0ff1w5q,freeform,C,blind crop from reports/figures/p2_crop_sheet.png
8,ex10_writer0047:task_0,rectangle,C,blind crop from reports/figures/p2_crop_sheet.png
9,ex01_writer0070:Activity_03ixe5k,rounded-rect,C,blind crop from reports/figures/p2_crop_sheet.png
10,ex08_writer0097:dataStoreReference_3,freeform,C,blind crop from reports/figures/p2_crop_sheet.png
11,ex10_writer0047:exclusiveGateway_5,diamond,C,blind crop from reports/figures/p2_crop_sheet.png
12,ex07_writer0085:Event_0neuard,freeform,C,blind crop from reports/figures/p2_crop_sheet.png
13,ex01_writer0050:Gateway_14h1wym,diamond,C,blind crop from reports/figures/p2_crop_sheet.png
14,ex08_writer0021:dataStoreReference_7,rectangle,C,blind crop from reports/figures/p2_crop_sheet.png
15,ex06_writer0041:Gateway_0gi9n94,freeform,C,blind crop from reports/figures/p2_crop_sheet.png
16,ex00_writer0026:Event_1vhsd5l,ellipse,C,blind crop from reports/figures/p2_crop_sheet.png
17,ex00_writer0026:Gateway_0r0cczw,diamond,C,blind crop from reports/figures/p2_crop_sheet.png
18,ex01_writer0057:Activity_12j5a2q,rounded-rect,C,blind crop from reports/figures/p2_crop_sheet.png
19,ex02_writer0073:DataObjectReference_1mm3y3p,freeform,C,blind crop from reports/figures/p2_crop_sheet.png
20,ex02_writer0097:Lane_0e5anv6,rectangle,C,blind crop from reports/figures/p2_crop_sheet.png
21,ex07_writer0016:Event_1vuxygl,circle,C,blind crop from reports/figures/p2_crop_sheet.png
22,ex08_writer0039:task_5,freeform,C,blind crop from reports/figures/p2_crop_sheet.png
23,ex00_writer0026:Activity_0row7qw,rounded-rect,C,blind crop from reports/figures/p2_crop_sheet.png
24,ex08_writer0003:startEvent_14,ellipse,C,blind crop from reports/figures/p2_crop_sheet.png
25,ex02_writer0065:Event_0eby2zt,circle,C,blind crop from reports/figures/p2_crop_sheet.png
26,ex10_writer0042:startEvent_9,circle,C,blind crop from reports/figures/p2_crop_sheet.png
27,ex08_writer0070:exclusiveGateway_9,freeform,C,blind crop from reports/figures/p2_crop_sheet.png
28,ex10_writer0042:task_3,rectangle,C,blind crop from reports/figures/p2_crop_sheet.png
29,ex06_writer0041:Event_0f0ohjn,freeform,C,blind crop from reports/figures/p2_crop_sheet.png
