index,key
0,ex08_writer0067:messageStartEvent_10
1,ex02_writer0002:Participant_1u2204d
2,ex00_writer0026:Activity_19eheb5
3,ex10_writer0047:exclusiveGateway_9
4,ex03_writer0059:dataObjectReference_20
5,ex02_writer0097:DataObjectReference_00052pq
6,ex02_writer0073:Activity_08eidga
7,ex02_writer0021:DataObjectReference_0ff1w5q
8,ex10_writer0047:task_0
9,ex01_writer0070:Activity_03ixe5k
10,ex08_writer0097:dataStoreReference_3
11,ex10_writer0047:exclusiveGateway_5
12,ex07_writer0085:Event_0neuard
13,ex01_writer0050:Gateway_14h1wym
14,ex08_writer0021:dataStoreReference_7
15,ex06_writer0041:Gateway_0gi9n94
16,ex00_writer0026:Event_1vhsd5l
17,ex00_writer0026:Gateway_0r0cczw
18,ex01_writer0057:Activity_12j5a2q
19,ex02_writer0073:DataObjectReference_1mm3y3p
20,ex02_writer0097:Lane_0e5anv6
21,ex07_writer0016:Event_1vuxygl
22,ex08_writer0039:task_5
23,ex00_writer0026:Activity_0row7qw
24,ex08_writer0003:startEvent_14
25,ex02_writer0065:Event_0eby2zt
26,ex10_writer0042:startEvent_9
27,ex08_writer0070:exclusiveGateway_9
28,ex10_writer0042:task_3
29,ex06_writer0041:Event_0f0ohjn
